{
  "ext/controller/Reject.js.map": 1743588508088,
  "ext/controller/Approve.js": 1743504719936,
  "ext/fragment/Textarea.js": 1741776322532,
  "ext/fragment/Attachments.js": 1741776322532,
  "ext/controller/Reject.js": 1741776322532,
  "ext/controller/Objectpage.controller.js": 1741776322532,
  "ext/controller/List.controller.js": 1743492015831,
  "ext/controller/Comment.js": 1741776322532,
  "ext/fragment/Workflow.js": 1741776322532,
  "manifest.json": 1743588507914,
  "Component.js": 1741776322532,
  "ext/controller/Objectpage-dbg.controller.js": 1741776322532,
  "ext/controller/Objectpage.controller.js.map": 1743588508089,
  "ext/fragment/Textarea-dbg.js": 1741776322532,
  "ext/fragment/Textarea.js.map": 1743588508081,
  "ext/fragment/Attachments-dbg.js": 1741776322532,
  "ext/fragment/Attachments.js.map": 1743588508088,
  "ext/controller/Reject-dbg.js": 1741776322532,
  "i18n/i18n.properties": 1741776322532,
  "ext/controller/Approve-dbg.js": 1743504719936,
  "ext/controller/Approve.js.map": 1743588508088,
  "ext/controller/List-dbg.controller.js": 1743492015831,
  "ext/controller/List.controller.js.map": 1743588508096,
  "ext/controller/Comment-dbg.js": 1741776322532,
  "ext/controller/Comment.js.map": 1743588508097,
  "ext/fragment/Workflow-dbg.js": 1741776322532,
  "ext/fragment/Workflow.js.map": 1743588508090,
  "Component-dbg.js": 1741776322532,
  "Component.js.map": 1743588508092,
  "Component-preload.js": 1743588508306,
  "Component-preload.js.map": 1743588508306,
  "ext/fragment/Workflow.fragment.xml": 1741776322532,
  "ext/fragment/Textarea.fragment.xml": 1741776322532,
  "ext/fragment/Attachments.fragment.xml": 1741776322532,
  "index.html": 1741776322532
}