{
  "ext/fragment/Workflow.js": 1734946918123,
  "ext/controller/List.controller.js": 1736416209362,
  "ext/fragment/Textarea.js": 1734948846357,
  "ext/fragment/Attachments.js": 1733994275764,
  "ext/controller/Reject.js": 1734949137379,
  "ext/controller/Objectpage.controller.js": 1734948619812,
  "i18n/i18n.properties": 1733987748818,
  "ext/controller/Approve.js": 1736328786822,
  "manifest.json": 1736416235396,
  "Component.js": 1733987728802,
  "ext/controller/Approve-dbg.js": 1736328786822,
  "ext/controller/Approve.js.map": 1736416235583,
  "ext/fragment/Textarea-dbg.js": 1734948846357,
  "ext/fragment/Textarea.js.map": 1736416235581,
  "ext/fragment/Attachments-dbg.js": 1733994275764,
  "ext/fragment/Attachments.js.map": 1736416235588,
  "ext/controller/Reject-dbg.js": 1734949137379,
  "ext/controller/Reject.js.map": 1736416235581,
  "ext/controller/Objectpage-dbg.controller.js": 1734948619812,
  "ext/controller/Objectpage.controller.js.map": 1736416235590,
  "ext/fragment/Workflow-dbg.js": 1734946918123,
  "ext/fragment/Workflow.js.map": 1736416235583,
  "ext/controller/List-dbg.controller.js": 1736416209362,
  "ext/controller/List.controller.js.map": 1736416235592,
  "Component-dbg.js": 1733987728802,
  "Component.js.map": 1736416235584,
  "Component-preload.js": 1736416235825,
  "Component-preload.js.map": 1736416235825,
  "ext/fragment/Workflow.fragment.xml": 1734947036187,
  "ext/fragment/Textarea.fragment.xml": 1734948987026,
  "ext/fragment/Attachments.fragment.xml": 1735284222965,
  "index.html": 1736231013599
}