{
  "ext/fragment/Workflow-dbg.js": 1753692973527,
  "Component.js": 1753692973527,
  "ext/fragment/Textarea.js": 1753692973527,
  "ext/fragment/Attachments.js": 1753692973527,
  "ext/controller/Reject.js": 1753692973527,
  "ext/controller/Objectpage.controller.js": 1753692973527,
  "ext/controller/List.controller.js": 1753699280645,
  "ext/controller/Comment.js": 1753692973527,
  "ext/controller/Clarify.js": 1753692973527,
  "ext/controller/Cbenav.js": 1753692973527,
  "ext/controller/Approve.js": 1753692973527,
  "manifest.json": 1753766923488,
  "ext/fragment/Workflow.js": 1753692973527,
  "ext/controller/Reject-dbg.js": 1753692973527,
  "ext/controller/Reject.js.map": 1753766923804,
  "ext/fragment/Textarea-dbg.js": 1753692973527,
  "ext/fragment/Textarea.js.map": 1753766923801,
  "ext/fragment/Attachments-dbg.js": 1753692973527,
  "ext/fragment/Attachments.js.map": 1753766923781,
  "Component-dbg.js": 1753692973527,
  "Component.js.map": 1753766923782,
  "ext/controller/Objectpage-dbg.controller.js": 1753692973527,
  "ext/controller/Objectpage.controller.js.map": 1753766923804,
  "ext/controller/List-dbg.controller.js": 1753699280645,
  "ext/controller/List.controller.js.map": 1753766923806,
  "ext/controller/Comment-dbg.js": 1753692973527,
  "ext/controller/Comment.js.map": 1753766923833,
  "ext/controller/Clarify-dbg.js": 1753692973527,
  "ext/controller/Clarify.js.map": 1753766923832,
  "ext/controller/Cbenav-dbg.js": 1753692973527,
  "ext/controller/Cbenav.js.map": 1753766923809,
  "ext/controller/Approve-dbg.js": 1753692973527,
  "ext/controller/Approve.js.map": 1753766923843,
  "i18n/i18n.properties": 1753692973527,
  "ext/fragment/Workflow.js.map": 1753766923818,
  "Component-preload.js": 1753766924137,
  "Component-preload.js.map": 1753766924137,
  "ext/fragment/Workflow.fragment.xml": 1753692973527,
  "ext/fragment/Textarea.fragment.xml": 1753692973527,
  "ext/fragment/Attachments.fragment.xml": 1753692973527,
  "images/anaskuu 17.jpg": 1753692973531,
  "css/style.css": 1753692973527,
  "index.html": 1753692973531
}