{
  "images/anaskuu 17.jpg": 1754370502378,
  "ext/controller/Clarify.js": 1754370502374,
  "ext/fragment/Textarea.js": 1754370502374,
  "ext/fragment/Attachments.js": 1756105329834,
  "ext/controller/Reject.js": 1754370502374,
  "ext/controller/Objectpage.controller.js": 1755772814602,
  "ext/controller/List.controller.js": 1755857688691,
  "ext/controller/Comment.js": 1754370502374,
  "ext/fragment/Workflow.js": 1754370502374,
  "ext/controller/Cbenav.js": 1754370502374,
  "ext/controller/Approve.js": 1754370502374,
  "manifest.json": 1756106190773,
  "Component.js": 1754370502374,
  "ext/fragment/Attachments-dbg.js": 1756105329834,
  "ext/fragment/Attachments.js.map": 1756106191062,
  "ext/fragment/Textarea-dbg.js": 1754370502374,
  "ext/fragment/Textarea.js.map": 1756106191058,
  "ext/controller/Clarify-dbg.js": 1754370502374,
  "ext/controller/Clarify.js.map": 1756106191063,
  "ext/controller/Reject-dbg.js": 1754370502374,
  "ext/controller/Reject.js.map": 1756106191066,
  "ext/controller/Objectpage-dbg.controller.js": 1755772814602,
  "ext/controller/Objectpage.controller.js.map": 1756106191066,
  "ext/controller/List-dbg.controller.js": 1755857688691,
  "ext/controller/List.controller.js.map": 1756106191070,
  "ext/controller/Comment-dbg.js": 1754370502374,
  "ext/controller/Comment.js.map": 1756106191071,
  "ext/fragment/Workflow-dbg.js": 1754370502374,
  "ext/fragment/Workflow.js.map": 1756106191067,
  "ext/controller/Cbenav-dbg.js": 1754370502374,
  "ext/controller/Cbenav.js.map": 1756106191069,
  "ext/controller/Approve-dbg.js": 1754370502374,
  "ext/controller/Approve.js.map": 1756106191075,
  "Component-dbg.js": 1754370502374,
  "Component.js.map": 1756106191071,
  "Component-preload.js": 1756106191405,
  "Component-preload.js.map": 1756106191406,
  "ext/fragment/Workflow.fragment.xml": 1754370502374,
  "ext/fragment/Textarea.fragment.xml": 1754474301376,
  "ext/fragment/Attachments.fragment.xml": 1755862647306,
  "i18n/i18n.properties": 1754370502374,
  "css/style.css": 1755595272574,
  "index.html": 1754370502378
}