{
  "index.html": 1748443569854,
  "ext/fragment/Textarea.js": 1748583644788,
  "ext/fragment/Workflow.js": 1748443569854,
  "ext/fragment/Attachments.js": 1748443569854,
  "ext/controller/Reject.js": 1748443569854,
  "ext/controller/Objectpage.controller.js": 1748598499062,
  "ext/controller/List.controller.js": 1748443569854,
  "ext/controller/Comment.js": 1748583520011,
  "ext/controller/Approve.js": 1748590474904,
  "manifest.json": 1748598527602,
  "Component.js": 1748443569854,
  "Component-dbg.js": 1748443569854,
  "Component.js.map": 1748598527734,
  "ext/fragment/Workflow-dbg.js": 1748443569854,
  "ext/fragment/Workflow.js.map": 1748598527734,
  "ext/fragment/Attachments-dbg.js": 1748443569854,
  "ext/fragment/Attachments.js.map": 1748598527741,
  "ext/controller/Reject-dbg.js": 1748443569854,
  "ext/controller/Reject.js.map": 1748598527739,
  "ext/controller/Objectpage-dbg.controller.js": 1748598499062,
  "ext/controller/Objectpage.controller.js.map": 1748598527742,
  "ext/controller/List-dbg.controller.js": 1748443569854,
  "ext/controller/List.controller.js.map": 1748598527744,
  "ext/controller/Comment-dbg.js": 1748583520011,
  "ext/controller/Comment.js.map": 1748598527748,
  "ext/controller/Approve-dbg.js": 1748590474904,
  "ext/controller/Approve.js.map": 1748598527747,
  "ext/fragment/Textarea-dbg.js": 1748583644788,
  "ext/fragment/Textarea.js.map": 1748598527743,
  "Component-preload.js": 1748598527824,
  "Component-preload.js.map": 1748598527824,
  "ext/fragment/Workflow.fragment.xml": 1748443569854,
  "ext/fragment/Textarea.fragment.xml": 1748443569854,
  "ext/fragment/Attachments.fragment.xml": 1748443569854,
  "i18n/i18n.properties": 1748443569854
}