{
  "ext/fragment/Textarea.fragment.xml": 1748443569854,
  "ext/fragment/Textarea.js": 1748583644788,
  "ext/fragment/Workflow.js": 1748443569854,
  "ext/fragment/Attachments.js": 1748443569854,
  "ext/controller/Reject.js": 1748800511008,
  "ext/controller/Objectpage.controller.js": 1748783783020,
  "ext/controller/List.controller.js": 1748443569854,
  "ext/controller/Comment.js": 1748787156335,
  "ext/controller/Approve.js": 1748802079348,
  "manifest.json": 1748805503937,
  "Component.js": 1748443569854,
  "ext/controller/Approve-dbg.js": 1748802079348,
  "ext/controller/Approve.js.map": 1748805504076,
  "ext/fragment/Workflow-dbg.js": 1748443569854,
  "ext/fragment/Workflow.js.map": 1748805504068,
  "ext/fragment/Attachments-dbg.js": 1748443569854,
  "ext/fragment/Attachments.js.map": 1748805504078,
  "ext/controller/Reject-dbg.js": 1748800511008,
  "ext/controller/Reject.js.map": 1748805504079,
  "ext/controller/Objectpage-dbg.controller.js": 1748783783020,
  "ext/controller/Objectpage.controller.js.map": 1748805504076,
  "ext/controller/List-dbg.controller.js": 1748443569854,
  "ext/controller/List.controller.js.map": 1748805504082,
  "ext/controller/Comment-dbg.js": 1748787156335,
  "ext/controller/Comment.js.map": 1748805504084,
  "ext/fragment/Textarea-dbg.js": 1748583644788,
  "ext/fragment/Textarea.js.map": 1748805504081,
  "Component-dbg.js": 1748443569854,
  "Component.js.map": 1748805504080,
  "Component-preload.js": 1748805504163,
  "Component-preload.js.map": 1748805504163,
  "ext/fragment/Workflow.fragment.xml": 1748443569854,
  "i18n/i18n.properties": 1748443569854,
  "ext/fragment/Attachments.fragment.xml": 1748705988693,
  "index.html": 1748443569854
}