{
  "ext/controller/Comment.js.map": 1751365395867,
  "ext/controller/List.controller.js": 1751353717742,
  "ext/fragment/Textarea.js": 1748583644788,
  "ext/fragment/Attachments.js": 1751290279212,
  "ext/controller/Reject.js": 1751170415793,
  "ext/controller/Objectpage.controller.js": 1751219887538,
  "ext/fragment/Workflow.js": 1748443569854,
  "ext/controller/Comment.js": 1748787156335,
  "ext/controller/Clarify.js": 1751272713375,
  "ext/controller/Approve.js": 1751353715606,
  "manifest.json": 1751365395748,
  "Component.js": 1748443569854,
  "Component-dbg.js": 1748443569854,
  "Component.js.map": 1751365395850,
  "ext/fragment/Textarea-dbg.js": 1748583644788,
  "ext/fragment/Textarea.js.map": 1751365395855,
  "ext/fragment/Attachments-dbg.js": 1751290279212,
  "ext/fragment/Attachments.js.map": 1751365395857,
  "ext/controller/Reject-dbg.js": 1751170415793,
  "ext/controller/Reject.js.map": 1751365395865,
  "ext/controller/Objectpage-dbg.controller.js": 1751219887538,
  "ext/controller/Objectpage.controller.js.map": 1751365395862,
  "ext/fragment/Workflow-dbg.js": 1748443569854,
  "ext/fragment/Workflow.js.map": 1751365395857,
  "ext/controller/Comment-dbg.js": 1748787156335,
  "i18n/i18n.properties": 1748443569854,
  "ext/controller/Clarify-dbg.js": 1751272713375,
  "ext/controller/Clarify.js.map": 1751365395864,
  "ext/controller/Approve-dbg.js": 1751353715606,
  "ext/controller/Approve.js.map": 1751365395902,
  "ext/controller/List-dbg.controller.js": 1751353717742,
  "ext/controller/List.controller.js.map": 1751365395869,
  "Component-preload.js": 1751365395980,
  "Component-preload.js.map": 1751365395980,
  "ext/fragment/Workflow.fragment.xml": 1748443569854,
  "ext/fragment/Textarea.fragment.xml": 1748443569854,
  "ext/fragment/Attachments.fragment.xml": 1748705988693,
  "css/style.css": 1751221110621,
  "index.html": 1748443569854
}