{
  "ext/fragment/Workflow.fragment.xml": 1753692973535,
  "Component.js": 1753692973535,
  "ext/fragment/Attachment.js": 1753692973535,
  "ext/controller/Reject.js": 1753692973535,
  "ext/controller/Objectpage.controller.js": 1753692973535,
  "ext/controller/Comment.js": 1753692973535,
  "ext/controller/Approve.js": 1753692973535,
  "manifest.json": 1753766918510,
  "ext/fragment/Workflow.js": 1753692973535,
  "ext/controller/Approve-dbg.js": 1753692973535,
  "ext/controller/Approve.js.map": 1753766918692,
  "ext/fragment/Attachment-dbg.js": 1753692973535,
  "ext/fragment/Attachment.js.map": 1753766918698,
  "ext/controller/Reject-dbg.js": 1753692973535,
  "ext/controller/Reject.js.map": 1753766918692,
  "ext/controller/Objectpage-dbg.controller.js": 1753692973535,
  "ext/controller/Objectpage.controller.js.map": 1753766918698,
  "ext/controller/Comment-dbg.js": 1753692973535,
  "ext/controller/Comment.js.map": 1753766918700,
  "Component-dbg.js": 1753692973535,
  "Component.js.map": 1753766918693,
  "ext/fragment/Workflow-dbg.js": 1753692973535,
  "ext/fragment/Workflow.js.map": 1753766918695,
  "Component-preload.js": 1753766918870,
  "Component-preload.js.map": 1753766918870,
  "i18n/i18n.properties": 1753692973535,
  "ext/fragment/Attachment.fragment.xml": 1753692973535,
  "index.html": 1753692973535
}