{
  "ext/fragment/Workflow-dbg.js": 1748443569858,
  "manifest.json": 1751365393338,
  "ext/fragment/Attachment.js": 1748443569858,
  "ext/controller/Reject.js": 1748443569858,
  "ext/controller/Objectpage.controller.js": 1748443569858,
  "ext/controller/Comment.js": 1748443569858,
  "ext/controller/Approve.js": 1748443569858,
  "ext/fragment/Workflow.js": 1748443569858,
  "Component.js": 1748443569858,
  "ext/controller/Objectpage-dbg.controller.js": 1748443569858,
  "ext/controller/Objectpage.controller.js.map": 1751365393513,
  "ext/controller/Reject-dbg.js": 1748443569858,
  "ext/controller/Reject.js.map": 1751365393509,
  "ext/fragment/Attachment-dbg.js": 1748443569858,
  "ext/fragment/Attachment.js.map": 1751365393512,
  "ext/controller/Comment-dbg.js": 1748443569858,
  "ext/controller/Comment.js.map": 1751365393513,
  "ext/controller/Approve-dbg.js": 1748443569858,
  "ext/controller/Approve.js.map": 1751365393511,
  "i18n/i18n.properties": 1748443569858,
  "ext/fragment/Workflow.js.map": 1751365393512,
  "Component-dbg.js": 1748443569858,
  "Component.js.map": 1751365393513,
  "Component-preload.js": 1751365393581,
  "Component-preload.js.map": 1751365393581,
  "ext/fragment/Workflow.fragment.xml": 1748443569858,
  "ext/fragment/Attachment.fragment.xml": 1748443569858,
  "index.html": 1748443569858
}