{
  "ext/controller/Comment.js.map": 1732259323043,
  "manifest.json": 1732259322918,
  "ext/fragment/Attachment.js": 1732257565904,
  "ext/controller/Comment.js": 1732259236285,
  "ext/fragment/Workflow.js": 1732171333250,
  "Component.js": 1732170252839,
  "ext/fragment/Workflow-dbg.js": 1732171333250,
  "ext/fragment/Workflow.js.map": 1732259323032,
  "ext/controller/Comment-dbg.js": 1732259236285,
  "i18n/i18n.properties": 1732170268799,
  "ext/fragment/Attachment-dbg.js": 1732257565904,
  "ext/fragment/Attachment.js.map": 1732259323040,
  "Component-dbg.js": 1732170252839,
  "Component.js.map": 1732259323033,
  "Component-preload.js": 1732259323118,
  "Component-preload.js.map": 1732259323118,
  "ext/fragment/Workflow.fragment.xml": 1732171333250,
  "ext/fragment/Attachment.fragment.xml": 1732257462284,
  "index.html": 1732170252839
}