{
  "Component-preload.js": 1752233271829,
  "Component.js": 1748443569854,
  "ext/fragment/Textarea.js": 1748583644788,
  "ext/fragment/Attachments.js": 1751973193895,
  "ext/controller/Reject.js": 1751612975785,
  "ext/controller/Objectpage.controller.js": 1751970327559,
  "ext/controller/List.controller.js": 1751967120461,
  "ext/controller/Comment.js": 1751480812579,
  "ext/controller/Clarify.js": 1751914756773,
  "ext/controller/Cbenav.js": 1751956499183,
  "ext/controller/Approve.js": 1751612954897,
  "manifest.json": 1752233271432,
  "ext/fragment/Workflow.js": 1751727866518,
  "ext/controller/Comment-dbg.js": 1751480812579,
  "ext/controller/Comment.js.map": 1752233271605,
  "ext/fragment/Textarea-dbg.js": 1748583644788,
  "ext/fragment/Textarea.js.map": 1752233271595,
  "ext/fragment/Attachments-dbg.js": 1751973193895,
  "ext/fragment/Attachments.js.map": 1752233271599,
  "ext/controller/Reject-dbg.js": 1751612975785,
  "ext/controller/Reject.js.map": 1752233271605,
  "ext/controller/Objectpage-dbg.controller.js": 1751970327559,
  "ext/controller/Objectpage.controller.js.map": 1752233271602,
  "ext/controller/List-dbg.controller.js": 1751967120461,
  "ext/controller/List.controller.js.map": 1752233271608,
  "Component-dbg.js": 1748443569854,
  "Component.js.map": 1752233271603,
  "ext/controller/Clarify-dbg.js": 1751914756773,
  "ext/controller/Clarify.js.map": 1752233271608,
  "ext/controller/Cbenav-dbg.js": 1751956499183,
  "ext/controller/Cbenav.js.map": 1752233271609,
  "ext/controller/Approve-dbg.js": 1751612954897,
  "ext/controller/Approve.js.map": 1752233271612,
  "ext/fragment/Workflow-dbg.js": 1751727866518,
  "ext/fragment/Workflow.js.map": 1752233271609,
  "i18n/i18n.properties": 1748443569854,
  "Component-preload.js.map": 1752233271829,
  "ext/fragment/Workflow.fragment.xml": 1751727847138,
  "ext/fragment/Textarea.fragment.xml": 1752233208697,
  "ext/fragment/Attachments.fragment.xml": 1751973247095,
  "images/anaskuu 17.jpg": 1751637104201,
  "css/style.css": 1751728007857,
  "index.html": 1748443569854
}