{
  "ext/fragment/Attachments-dbg.js": 1748443569854,
  "Component.js": 1748443569854,
  "ext/fragment/Textarea.js": 1748583644788,
  "ext/fragment/Attachments.js": 1748443569854,
  "ext/controller/Reject.js": 1749019295886,
  "ext/controller/Objectpage.controller.js": 1748783783020,
  "ext/controller/List.controller.js": 1749401700396,
  "ext/controller/Comment.js": 1748787156335,
  "ext/controller/Approve.js": 1749019271154,
  "manifest.json": 1749446436508,
  "ext/fragment/Workflow.js": 1748443569854,
  "i18n/i18n.properties": 1748443569854,
  "ext/fragment/Attachments.js.map": 1749446436715,
  "ext/fragment/Textarea-dbg.js": 1748583644788,
  "ext/fragment/Textarea.js.map": 1749446436711,
  "Component-dbg.js": 1748443569854,
  "Component.js.map": 1749446436704,
  "ext/controller/Reject-dbg.js": 1749019295886,
  "ext/controller/Reject.js.map": 1749446436711,
  "ext/controller/Objectpage-dbg.controller.js": 1748783783020,
  "ext/controller/Objectpage.controller.js.map": 1749446436715,
  "ext/controller/List-dbg.controller.js": 1749401700396,
  "ext/controller/List.controller.js.map": 1749446436721,
  "ext/controller/Comment-dbg.js": 1748787156335,
  "ext/controller/Comment.js.map": 1749446436729,
  "ext/controller/Approve-dbg.js": 1749019271154,
  "ext/controller/Approve.js.map": 1749446436725,
  "ext/fragment/Workflow-dbg.js": 1748443569854,
  "ext/fragment/Workflow.js.map": 1749446436723,
  "Component-preload.js": 1749446436995,
  "Component-preload.js.map": 1749446436995,
  "ext/fragment/Workflow.fragment.xml": 1748443569854,
  "ext/fragment/Textarea.fragment.xml": 1748443569854,
  "ext/fragment/Attachments.fragment.xml": 1748705988693,
  "css/style.css": 1749031071857,
  "index.html": 1748443569854
}