{
  "ext/fragment/Workflow-dbg.js": 1748443569854,
  "ext/fragment/Workflow.js": 1748443569854,
  "ext/fragment/Textarea.js": 1748583644788,
  "ext/fragment/Attachments.js": 1748443569854,
  "ext/controller/Reject.js": 1750627553890,
  "ext/controller/Objectpage.controller.js": 1750453866922,
  "ext/controller/List.controller.js": 1750628454891,
  "ext/controller/Comment.js": 1748787156335,
  "ext/controller/Clarify.js": 1750452682873,
  "ext/controller/Approve.js": 1750627536314,
  "manifest.json": 1750629031333,
  "Component.js": 1748443569854,
  "ext/controller/Objectpage-dbg.controller.js": 1750453866922,
  "ext/controller/Objectpage.controller.js.map": 1750629031469,
  "ext/fragment/Textarea-dbg.js": 1748583644788,
  "ext/fragment/Textarea.js.map": 1750629031462,
  "ext/fragment/Attachments-dbg.js": 1748443569854,
  "ext/fragment/Attachments.js.map": 1750629031469,
  "ext/controller/Reject-dbg.js": 1750627553890,
  "ext/controller/Reject.js.map": 1750629031469,
  "i18n/i18n.properties": 1748443569854,
  "ext/fragment/Workflow.js.map": 1750629031463,
  "ext/controller/List-dbg.controller.js": 1750628454891,
  "ext/controller/List.controller.js.map": 1750629031472,
  "ext/controller/Comment-dbg.js": 1748787156335,
  "ext/controller/Comment.js.map": 1750629031477,
  "ext/controller/Clarify-dbg.js": 1750452682873,
  "ext/controller/Clarify.js.map": 1750629031472,
  "ext/controller/Approve-dbg.js": 1750627536314,
  "ext/controller/Approve.js.map": 1750629031477,
  "Component-dbg.js": 1748443569854,
  "Component.js.map": 1750629031474,
  "Component-preload.js": 1750629031590,
  "Component-preload.js.map": 1750629031590,
  "ext/fragment/Workflow.fragment.xml": 1748443569854,
  "ext/fragment/Textarea.fragment.xml": 1748443569854,
  "ext/fragment/Attachments.fragment.xml": 1748705988693,
  "css/style.css": 1749031071857,
  "index.html": 1748443569854
}