{
  "ext/fragment/Textarea.fragment.xml": 1748443569854,
  "ext/controller/Clarify.js": 1750452682873,
  "ext/fragment/Textarea.js": 1748583644788,
  "ext/fragment/Attachments.js": 1748443569854,
  "ext/controller/Reject.js": 1750962187551,
  "ext/controller/Objectpage.controller.js": 1750963550872,
  "ext/controller/List.controller.js": 1750935269626,
  "ext/controller/Comment.js": 1748787156335,
  "ext/fragment/Workflow.js": 1748443569854,
  "ext/controller/Approve.js": 1750627536314,
  "manifest.json": 1750970222855,
  "Component.js": 1748443569854,
  "Component-dbg.js": 1748443569854,
  "Component.js.map": 1750970223002,
  "ext/fragment/Textarea-dbg.js": 1748583644788,
  "ext/fragment/Textarea.js.map": 1750970223005,
  "ext/fragment/Attachments-dbg.js": 1748443569854,
  "ext/fragment/Attachments.js.map": 1750970223014,
  "ext/controller/Reject-dbg.js": 1750962187551,
  "ext/controller/Reject.js.map": 1750970223012,
  "ext/controller/Objectpage-dbg.controller.js": 1750963550872,
  "ext/controller/Objectpage.controller.js.map": 1750970223010,
  "ext/controller/List-dbg.controller.js": 1750935269626,
  "ext/controller/List.controller.js.map": 1750970223015,
  "ext/controller/Comment-dbg.js": 1748787156335,
  "ext/controller/Comment.js.map": 1750970223024,
  "ext/fragment/Workflow-dbg.js": 1748443569854,
  "ext/fragment/Workflow.js.map": 1750970223014,
  "ext/controller/Approve-dbg.js": 1750627536314,
  "ext/controller/Approve.js.map": 1750970223026,
  "ext/controller/Clarify-dbg.js": 1750452682873,
  "ext/controller/Clarify.js.map": 1750970223024,
  "Component-preload.js": 1750970223109,
  "Component-preload.js.map": 1750970223109,
  "ext/fragment/Workflow.fragment.xml": 1748443569854,
  "i18n/i18n.properties": 1748443569854,
  "ext/fragment/Attachments.fragment.xml": 1748705988693,
  "css/style.css": 1750970160077,
  "index.html": 1748443569854
}