{
  "ext/controller/Objectpage.controller.js": 1734948619812,
  "ext/controller/Approve.js": 1736507147003,
  "ext/fragment/Textarea.js": 1734948846357,
  "ext/fragment/Attachments.js": 1733994275764,
  "ext/controller/Reject.js": 1736502889561,
  "i18n/i18n.properties": 1733987748818,
  "ext/controller/List.controller.js": 1736419907659,
  "ext/controller/Comment.js": 1736505200972,
  "ext/fragment/Workflow.js": 1734946918123,
  "manifest.json": 1738052112756,
  "Component.js": 1733987728802,
  "ext/controller/Approve-dbg.js": 1736507147003,
  "ext/controller/Approve.js.map": 1738052112935,
  "ext/fragment/Textarea-dbg.js": 1734948846357,
  "ext/fragment/Textarea.js.map": 1738052112929,
  "ext/fragment/Attachments-dbg.js": 1733994275764,
  "ext/fragment/Attachments.js.map": 1738052112937,
  "ext/controller/Reject-dbg.js": 1736502889561,
  "ext/controller/Reject.js.map": 1738052112935,
  "ext/controller/Objectpage-dbg.controller.js": 1734948619812,
  "ext/controller/Objectpage.controller.js.map": 1738052112940,
  "ext/controller/List-dbg.controller.js": 1736419907659,
  "ext/controller/List.controller.js.map": 1738052112942,
  "ext/controller/Comment-dbg.js": 1736505200972,
  "ext/controller/Comment.js.map": 1738052112945,
  "ext/fragment/Workflow-dbg.js": 1734946918123,
  "ext/fragment/Workflow.js.map": 1738052112940,
  "Component-dbg.js": 1733987728802,
  "Component.js.map": 1738052112940,
  "Component-preload.js": 1738052113190,
  "Component-preload.js.map": 1738052113190,
  "ext/fragment/Workflow.fragment.xml": 1734947036187,
  "ext/fragment/Textarea.fragment.xml": 1734948987026,
  "ext/fragment/Attachments.fragment.xml": 1736492923072,
  "index.html": 1736231013599
}