<core:FragmentDefinition
    xmlns="sap.m"
    xmlns:core="sap.ui.core"
    xmlns:u="sap.ui.unified"
    xmlns:rich="sap.ui.richtexteditor"
    xmlns:commons="sap.suite.ui.commons"
>
            <VBox id="box" width="100%">
               <ScrollContainer id="_IDGenScrollContainer"
            width="100%"
            height="auto"
            horizontal="true" 
            vertical="false" 
        >
            <Table  id="sampleTable" width="110vw"   
            class='sapUiTable'
            core:require="{ handler: 'approval/ext/fragment/Workflow'}"
             items="{
    path: 'tab1toWORKFLOW_HISTORY',
    sorter: {
      path: 'level',
      group: true
    },
    groupHeaderFactory: 'handler.getGroupHeader'
  }">
                   <columns>
                   <Column id="_IDGenColumn1" >
                   	<Text id="_IDGenText" text="PAN Number" />
                   </Column>
                   <Column id="_IDGenColumn2" >
                   	<Text id="_IDGenText1" text="Employee Name" />
                   </Column>
                   <Column id="_IDGenColumn3" >
                   	<Text id="_IDGenText2" text="Employee ID" />
                   </Column>
                   <Column id="_IDGenColumn4" >
                   	<Text id="_IDGenText3" text="Status" />
                   </Column>
                   <Column id="_IDGenColumn5" >
                   	<Text id="_IDGenText4" text="Approved By" />
                   </Column>
                   <Column id="_IDGenColumn6" >
                   	<Text id="_IDGenText5" text="Days Taken" />
                   </Column>
                   </columns>
                   <items>
                   	<ColumnListItem id="_IDGenColumnListItem" vAlign="Middle">
                    <cells>
                    <Text id="_IDGenText6" text="{PAN_Number}"></Text>
                    <Text id="_IDGenText7" text="{Employee_Name}"></Text>
                    <Text id="_IDGenText8" text="{Employee_ID}"></Text>
                    <Text id="_IDGenText9" text="{Remarks}"></Text>
                    <Text id="_IDGenText10" text="{Approved_by}"></Text>
                    <Text id="_IDGenText11" text="{Days_Taken}"></Text>
                    <Text id="_IDGenText12" visible="false" text="{level}"></Text>
                    </cells>
                    </ColumnListItem>
                   </items>
                </Table>
                </ScrollContainer>
            </VBox>
        <!-- </content> -->
    <!-- </Dialog> -->
</core:FragmentDefinition>
