{
  "Component.js.map": 1738052108581,
  "ext/controller/Objectpage.controller.js": 1732514198301,
  "ext/fragment/Attachment.js": 1732257565904,
  "ext/controller/Reject.js": 1733986533337,
  "ext/fragment/Workflow.js": 1732171333250,
  "ext/controller/Comment.js": 1732512006591,
  "ext/controller/Approve.js": 1733986482337,
  "manifest.json": 1738052108399,
  "Component.js": 1732170252839,
  "ext/fragment/Workflow-dbg.js": 1732171333250,
  "ext/fragment/Workflow.js.map": 1738052108578,
  "ext/fragment/Attachment-dbg.js": 1732257565904,
  "ext/fragment/Attachment.js.map": 1738052108586,
  "ext/controller/Reject-dbg.js": 1733986533337,
  "ext/controller/Reject.js.map": 1738052108578,
  "ext/controller/Objectpage-dbg.controller.js": 1732514198301,
  "ext/controller/Objectpage.controller.js.map": 1738052108587,
  "ext/controller/Comment-dbg.js": 1732512006591,
  "ext/controller/Comment.js.map": 1738052108588,
  "ext/controller/Approve-dbg.js": 1733986482337,
  "ext/controller/Approve.js.map": 1738052108580,
  "Component-dbg.js": 1732170252839,
  "i18n/i18n.properties": 1732170268799,
  "Component-preload.js": 1738052108831,
  "Component-preload.js.map": 1738052108831,
  "ext/fragment/Workflow.fragment.xml": 1732512105328,
  "ext/fragment/Attachment.fragment.xml": 1732257462284,
  "index.html": 1732170252839
}