{
  "ext/fragment/Attachment.js.map": 1743588504253,
  "Component.js": 1741776322536,
  "ext/fragment/Attachment.js": 1741776322536,
  "ext/controller/Reject.js": 1741776322536,
  "ext/controller/Objectpage.controller.js": 1741776322536,
  "ext/controller/Comment.js": 1741776322536,
  "ext/controller/Approve.js": 1741776322536,
  "manifest.json": 1743588504061,
  "ext/fragment/Workflow.js": 1741776322536,
  "ext/controller/Comment-dbg.js": 1741776322536,
  "ext/controller/Comment.js.map": 1743588504253,
  "ext/fragment/Attachment-dbg.js": 1741776322536,
  "i18n/i18n.properties": 1741776322536,
  "ext/controller/Reject-dbg.js": 1741776322536,
  "ext/controller/Reject.js.map": 1743588504245,
  "ext/controller/Objectpage-dbg.controller.js": 1741776322536,
  "ext/controller/Objectpage.controller.js.map": 1743588504253,
  "Component-dbg.js": 1741776322536,
  "Component.js.map": 1743588504247,
  "ext/controller/Approve-dbg.js": 1741776322536,
  "ext/controller/Approve.js.map": 1743588504248,
  "ext/fragment/Workflow-dbg.js": 1741776322536,
  "ext/fragment/Workflow.js.map": 1743588504249,
  "Component-preload.js": 1743588504464,
  "Component-preload.js.map": 1743588504464,
  "ext/fragment/Workflow.fragment.xml": 1741776322536,
  "ext/fragment/Attachment.fragment.xml": 1741776322536,
  "index.html": 1741776322536
}