{
  "Component-dbg.js": 1754370502382,
  "ext/controller/Comment.js": 1754370502382,
  "ext/fragment/Attachment.js": 1754370502382,
  "ext/controller/Reject.js": 1754370502382,
  "ext/controller/Objectpage.controller.js": 1754370502382,
  "ext/fragment/Workflow.js": 1754370502382,
  "ext/controller/Approve.js": 1754370502382,
  "manifest.json": 1756106186516,
  "Component.js": 1754370502382,
  "ext/fragment/Workflow-dbg.js": 1754370502382,
  "ext/fragment/Workflow.js.map": 1756106186741,
  "ext/fragment/Attachment-dbg.js": 1754370502382,
  "ext/fragment/Attachment.js.map": 1756106186743,
  "ext/controller/Reject-dbg.js": 1754370502382,
  "ext/controller/Reject.js.map": 1756106186756,
  "ext/controller/Objectpage-dbg.controller.js": 1754370502382,
  "ext/controller/Objectpage.controller.js.map": 1756106186757,
  "ext/controller/Comment-dbg.js": 1754370502382,
  "ext/controller/Comment.js.map": 1756106186758,
  "ext/controller/Approve-dbg.js": 1754370502382,
  "ext/controller/Approve.js.map": 1756106186756,
  "i18n/i18n.properties": 1754370502382,
  "Component.js.map": 1756106186757,
  "Component-preload.js": 1756106186968,
  "Component-preload.js.map": 1756106186968,
  "ext/fragment/Workflow.fragment.xml": 1754370502382,
  "ext/fragment/Attachment.fragment.xml": 1754370502382,
  "index.html": 1754370502382
}