{
  "ext/controller/Reject-dbg.js": 1748443569858,
  "ext/controller/Objectpage.controller.js": 1748443569858,
  "ext/fragment/Attachment.js": 1748443569858,
  "ext/controller/Reject.js": 1748443569858,
  "ext/fragment/Workflow.js": 1748443569858,
  "ext/controller/Comment.js": 1748443569858,
  "ext/controller/Approve.js": 1748443569858,
  "manifest.json": 1749446432010,
  "Component.js": 1748443569858,
  "Component-dbg.js": 1748443569858,
  "Component.js.map": 1749446432241,
  "ext/fragment/Attachment-dbg.js": 1748443569858,
  "ext/fragment/Attachment.js.map": 1749446432263,
  "i18n/i18n.properties": 1748443569858,
  "ext/controller/Reject.js.map": 1749446432242,
  "ext/fragment/Workflow-dbg.js": 1748443569858,
  "ext/fragment/Workflow.js.map": 1749446432242,
  "ext/controller/Comment-dbg.js": 1748443569858,
  "ext/controller/Comment.js.map": 1749446432263,
  "ext/controller/Approve-dbg.js": 1748443569858,
  "ext/controller/Approve.js.map": 1749446432243,
  "ext/controller/Objectpage-dbg.controller.js": 1748443569858,
  "ext/controller/Objectpage.controller.js.map": 1749446432251,
  "Component-preload.js": 1749446432488,
  "Component-preload.js.map": 1749446432488,
  "ext/fragment/Workflow.fragment.xml": 1748443569858,
  "ext/fragment/Attachment.fragment.xml": 1748443569858,
  "index.html": 1748443569858
}